title,genre,mood,instruments,download_url
Friday Fugue,영화음악,행복,"['piano', 'synth', 'drums']",https://www.youtube.com/audiolibrary_download?vid=3bfaa875d617e8b3
No.9 Esther’s Waltz,클래식,행복,"['piano', 'mallets']",https://www.youtube.com/audiolibrary_download?vid=4a18216c7c66e912
Momo Do,레게,행복,"['percussion', 'flute', 'drums', 'bass', 'mallets']",https://www.youtube.com/audiolibrary_download?vid=c6e06da72db2a4f9
Fanta Mankane,레게,행복,"['percussion', 'mallets']",https://www.youtube.com/audiolibrary_download?vid=4a92ec555260d56c
Festivities in Belize,레게,행복,"['drums', 'bass', 'synth', 'vocal chops', '808', 'trumpet', 'horns', 'brass']",https://www.youtube.com/audiolibrary_download?vid=c8fc8cb9bf76c269
Life After Death,힙합 & 랩,행복,"['synth', 'drums', 'bass']",https://www.youtube.com/audiolibrary_download?vid=c91f341b279dff72
Mama,팝,행복,"['acoustic guitar', 'drums', 'synth', 'bass', 'percussion']",https://www.youtube.com/audiolibrary_download?vid=22e3683792bb0779
Apolllo,팝,행복,"['keyboard', 'synth', 'drums', 'bass']",https://www.youtube.com/audiolibrary_download?vid=c40b019d5c58a9d6
Corndogs in Santa Monica,R&B 소울,행복,"['piano', 'drums', 'organ']",https://www.youtube.com/audiolibrary_download?vid=013620e7bdd6b904
Barnyard Surprise,컨트리 & 포크,행복,"['drums', 'percussion', 'bass', 'piano', 'acoustic guitar', 'harmonica', 'banjo']",https://www.youtube.com/audiolibrary_download?vid=6e7d482da61fcbbd
Keep It 98 Plus 2,팝,행복,"['drums', 'bass', 'synth', 'vocal chops', '808']",https://www.youtube.com/audiolibrary_download?vid=e18d3514ed786d51
Ready or Not,팝,행복,"['piano', 'synth', 'drums', 'vocal chops']",https://www.youtube.com/audiolibrary_download?vid=8f844ff0d9c45f40
Calimba,아동,행복,"['mallets', 'drums', 'percussion']",https://www.youtube.com/audiolibrary_download?vid=2b29bb9cc03c6250
The Closest Without Going Over,댄스 & 일렉트로닉,행복,"['drums', 'bass', 'synth', 'electric guitar', 'drum machine']",https://www.youtube.com/audiolibrary_download?vid=3097615a6db3d41d
Benji,힙합 & 랩,행복,"['vocal chops', 'bass', 'drums', 'percussion', 'electric guitar', 'strings']",https://www.youtube.com/audiolibrary_download?vid=291435ff0bc93150
There Are Chirping Birdies In My Soul,컨트리 & 포크,행복,"['acoustic guitar', 'piano', 'electric piano', 'bass', 'drums']",https://www.youtube.com/audiolibrary_download?vid=ae8ab6b3786d759b
The Missing 11th,힙합 & 랩,행복,"['electric guitar', 'strings', 'bass', 'drums', 'keys']",https://www.youtube.com/audiolibrary_download?vid=b4a82a04c9b2d668
Reasons To Hope,컨트리 & 포크,행복,"['acoustic guitar', 'piano', 'electric piano', 'bass', 'drums']",https://www.youtube.com/audiolibrary_download?vid=1e1d87307bbf4c44
Anime,팝,행복,"['drums', 'synth', 'bass', 'electric piano', 'keys']",https://www.youtube.com/audiolibrary_download?vid=725235ff11dc05df
Winner Winner Funky Chicken Dinner,팝,행복,"['drums', 'drum machine', 'bass', 'synth', 'keys', 'acoustic guitar', 'bells', 'mallets']",https://www.youtube.com/audiolibrary_download?vid=2f712dca821e98ff
Cocktails,R&B 소울,행복,"['piano', 'horns', 'drums', 'bass', 'electric guitar']",https://www.youtube.com/audiolibrary_download?vid=309ecb0731c486e4
Playdate,팝,행복,"['organ', 'acoustic guitar', 'electric piano', 'percussion', 'electric guitar']",https://www.youtube.com/audiolibrary_download?vid=a570597b9e889c3f
No.3 Morning Folk Song,컨트리 & 포크,행복,['piano'],https://www.youtube.com/audiolibrary_download?vid=41224b99618840d0
Palm Avenue,레게,행복,"['drums', 'bass', 'electric guitar', 'synth', 'piano', 'horns', 'percussion']",https://www.youtube.com/audiolibrary_download?vid=ff17cf9f986e4e97
Shadowing,잔잔한 음악,행복,"['synth', 'drums', 'piano']",https://www.youtube.com/audiolibrary_download?vid=4817654dec00709a
Happy Haunts,영화음악,행복,"['Organ', 'Strings', 'Horn']",https://www.youtube.com/audiolibrary_download?vid=d5cecceef289374f
Mr. Tea,댄스 & 일렉트로닉,행복,"['synth', 'bass', 'guitars', 'drums']",https://www.youtube.com/audiolibrary_download?vid=15e9bb8c091a4af9
After the Soft Rains,월드뮤직,행복,"['Bass', 'Acoustic Guitar', 'Drums', 'Synth']",https://www.youtube.com/audiolibrary_download?vid=e1da42c885d13458
Jazz con Cajón,재즈 및 블루스,행복,"['Rhodes electric piano', 'upright bass', 'shaker', 'cajon', 'piano', 'male voice']",https://www.youtube.com/audiolibrary_download?vid=1b868d91334d1719
8-Bit Dreamscape,팝,행복,"['Synth', 'Keyboards', 'Drums']",https://www.youtube.com/audiolibrary_download?vid=0993570a4192abb5
Wild Pogo,댄스 & 일렉트로닉,행복,['synth'],https://www.youtube.com/audiolibrary_download?vid=bf84674097cde0a4
Stuff,R&B 소울,행복,"['Bass', 'Drums', 'Synth', 'Guitar', 'Kazoo']",https://www.youtube.com/audiolibrary_download?vid=c541cfe3d233b75d
Arc of the Sun,팝,행복,"['Keyboards', 'Bass', 'Drums']",https://www.youtube.com/audiolibrary_download?vid=c28adf7bc21a955d
Safety Net,컨트리 & 포크,행복,"['Drums', 'Acoustic Guitar', 'Bass', 'Electric Guitar', 'Synth']",https://www.youtube.com/audiolibrary_download?vid=fc1b128c5c3bbd83
Nightingale,댄스 & 일렉트로닉,행복,"['synth', 'drums', 'bass']",https://www.youtube.com/audiolibrary_download?vid=8fc46b5da6b42f2f
Renegade Jubilee,댄스 & 일렉트로닉,행복,"['Drums', 'Bass', 'Electric Guitar', 'Synth']",https://www.youtube.com/audiolibrary_download?vid=c3a14a310078f561
Splashing Around,아동,행복,"['Synth', 'Bass', 'Drums']",https://www.youtube.com/audiolibrary_download?vid=ff9972b07e1138a0
Entire,팝,행복,[],https://www.youtube.com/audiolibrary_download?vid=36afabd5d6ca96ea
If I Had a Chicken,영화음악,행복,['piano'],https://www.youtube.com/audiolibrary_download?vid=fed6d940d1fe8561
Winds of Spring,팝,행복,"['Bass', 'Guitar', 'Keyboards']",https://www.youtube.com/audiolibrary_download?vid=f368960f85ccbb24
The Farmer In The Dell (Instrumental),아동,행복,"['Piano', 'Bass', 'Drums', 'Organ']",https://www.youtube.com/audiolibrary_download?vid=ff09cf8d6a1f705c
Parkside,컨트리 & 포크,행복,"['Percussion', 'Acoustic Guitar', 'Tres']",https://www.youtube.com/audiolibrary_download?vid=3485a4565e3b9700
Dover,영화음악,행복,['brass'],https://www.youtube.com/audiolibrary_download?vid=b373a1ceb45dc87a
Classique,댄스 & 일렉트로닉,행복,"['synth', 'piano', 'horn']",https://www.youtube.com/audiolibrary_download?vid=6da1ef1066265306
Wedding Fun,영화음악,행복,['Organ'],https://www.youtube.com/audiolibrary_download?vid=70d0a8493b49ad35
English Country Garden,클래식,행복,"['Piano', 'Strings', 'Horn']",https://www.youtube.com/audiolibrary_download?vid=e07e1b1ef0cb7522
Lovable Clown Sit Com,아동,행복,"['Organ', 'Synth', 'Strings']",https://www.youtube.com/audiolibrary_download?vid=e3a93c50d4e5b862
Natural,팝,행복,"['Acoustic Guitar', 'Piano']",https://www.youtube.com/audiolibrary_download?vid=63194b94a0462fd8
Tape Deck,락,행복,"['Bass', 'Drums', 'Synth', 'Electric Guitar']",https://www.youtube.com/audiolibrary_download?vid=892b2c8364671501
Campfire Song,컨트리 & 포크,행복,"['percussion', 'keyboard', 'bass', 'Acoustic guitar', 'slide guitar']",https://www.youtube.com/audiolibrary_download?vid=725bf97d6a2934bd
Josefina,팝,행복,"['acoustic guitar', 'bass', 'drums']",https://www.youtube.com/audiolibrary_download?vid=fe4fa52f245727a1
Mr. Sunny Face,영화음악,행복,"['acoustic guitar', 'piano']",https://www.youtube.com/audiolibrary_download?vid=17ddcf9aa52a6fb6
Jupiters Smile,팝,행복,"['Keyboards', 'Bass', 'Drums', 'Guitar']",https://www.youtube.com/audiolibrary_download?vid=41148d518262c9ec
Great Hope,팝,행복,"['synths', 'drums']",https://www.youtube.com/audiolibrary_download?vid=6fd9fa260d33331a
Cat Circus,영화음악,행복,"['percussion', 'bass clarinet', 'bassoon', 'upright bass', 'tuba', 'bass drum', 'snare drum', 'clarinet', 'flute', 'trombone', 'trumpet', 'accordian']",https://www.youtube.com/audiolibrary_download?vid=5e16efb9729d112d
Firefly,컨트리 & 포크,행복,"['weissenborn', 'Acoustic guitar']",https://www.youtube.com/audiolibrary_download?vid=dacd7e5b15813a03
Sneaky Business,영화음악,행복,"['strings', 'drums']",https://www.youtube.com/audiolibrary_download?vid=8069bdad023239a1
A Walk in the Park,컨트리 & 포크,행복,"['drums', 'upright piano', 'Acoustic guitars', 'electric bass', 'claps']",https://www.youtube.com/audiolibrary_download?vid=f42f749d32594f93
Valerie Plain,힙합 & 랩,행복,"['drums', 'bass', 'guitar']",https://www.youtube.com/audiolibrary_download?vid=c61608abbb71dc1d
Yu-City Kamata,팝,행복,['synth'],https://www.youtube.com/audiolibrary_download?vid=b34a23dae25cd651
Magnum,댄스 & 일렉트로닉,행복,"['drums', 'bass', 'synth']",https://www.youtube.com/audiolibrary_download?vid=07530ddb5b2c3eb3
Conjuto Grande,팝,행복,"['bass', 'acoustic guitar', 'drums', 'strings']",https://www.youtube.com/audiolibrary_download?vid=2530e3cf0b76c105
Roundup on the Prairie,영화음악,행복,"['Acoustic Guitar', 'Strings', 'Horn']",https://www.youtube.com/audiolibrary_download?vid=58b2b820e23db073
Almost August,컨트리 & 포크,행복,"['Weissenborn', 'Percussion', 'Tres', 'Bass', 'Acoustic Guitar']",https://www.youtube.com/audiolibrary_download?vid=c78c840c783c3e00
First Love,영화음악,행복,"['piano', 'strings']",https://www.youtube.com/audiolibrary_download?vid=9fa16aee1f9bf11e
So Long,팝,행복,"['Mellotron', 'Acoustic Guitar', 'Electric Guitar', 'Drums', 'Lap Steel', 'Bass']",https://www.youtube.com/audiolibrary_download?vid=ac6ddf7cec13dac7
Scouting,댄스 & 일렉트로닉,행복,"['bass', 'drums', 'synth']",https://www.youtube.com/audiolibrary_download?vid=92fa908ddd5c3c28
Dolphin,댄스 & 일렉트로닉,행복,"['bass', 'drums', 'horns']",https://www.youtube.com/audiolibrary_download?vid=c3b3bdeeca16cdf2
Licorice Song,팝,행복,"['Drums', 'Bass', 'Acoustic Guitar', 'Electric Guitar', 'Synth']",https://www.youtube.com/audiolibrary_download?vid=f43b50a1ac4d8280
Sunshine Samba,재즈 및 블루스,행복,"['percussion', 'Acoustic guitars']",https://www.youtube.com/audiolibrary_download?vid=f563ea9ab8ed9ff1
Seahorse,월드뮤직,행복,"['drums', 'bass']",https://www.youtube.com/audiolibrary_download?vid=f1a41df98a800600
Bluesed and Abused,R&B 소울,행복,"['organ', 'horns', 'electric guitar', 'drums', 'bass']",https://www.youtube.com/audiolibrary_download?vid=fcdb8006af7c71d2
You Can't Fail,얼터너티브 & 펑크,행복,"['Electric Bass', 'Electric Guitar', 'Drums']",https://www.youtube.com/audiolibrary_download?vid=a4a0b6ffbfda78b3
Hermanos Ranchero,팝,행복,"['acoustic guitar', 'bass', 'drums', 'strings']",https://www.youtube.com/audiolibrary_download?vid=840b679e4cd19daf
Side Steppin',댄스 & 일렉트로닉,행복,"['Samples', 'Synth', 'Drums', 'Guitar', 'Bass']",https://www.youtube.com/audiolibrary_download?vid=af6b6c82fcfa686f
Goat,아동,행복,"['Electric Guitar', 'Bass', 'Drums', 'Synth']",https://www.youtube.com/audiolibrary_download?vid=1fcf689c7977c026
Canal 3,재즈 및 블루스,행복,"['acoustic guitar', 'electric guitar', 'horns', 'bass', 'piano', 'drums']",https://www.youtube.com/audiolibrary_download?vid=118f787769b27afd
Spring Forward,팝,행복,"['Strings', 'Drums', 'Piano', 'Bass', 'Acoustic Guitar', 'Electric Guitar']",https://www.youtube.com/audiolibrary_download?vid=bb28954276620f5e
Yellow Rose of Berkeley,팝,행복,"['synth', 'drums', 'bass']",https://www.youtube.com/audiolibrary_download?vid=daa92b120d55df66
Merengue de Limon,팝,행복,"['bass', 'drums', 'horns', 'piano']",https://www.youtube.com/audiolibrary_download?vid=8abb19db3735aa23
Silver Skies,팝,행복,"['Keyboards', 'Drums', 'Bass', 'Guitar']",https://www.youtube.com/audiolibrary_download?vid=f8491421cdce55f3
How R U,댄스 & 일렉트로닉,행복,"['bass', 'piano', 'synthesizer', 'drums']",https://www.youtube.com/audiolibrary_download?vid=04b3814ce52a7a6e
Willie's Island Moped,팝,행복,"['Drums', 'Bass', 'Acoustic Guitar', 'Organ']",https://www.youtube.com/audiolibrary_download?vid=500c7ada0a69bd35
Bit Symphony,댄스 & 일렉트로닉,행복,"['Synth', 'Drums']",https://www.youtube.com/audiolibrary_download?vid=fce4376b53c99d2b
Amor Chiquito,월드뮤직,행복,"['bass', 'drums', 'horns', 'organ', 'electric guitar']",https://www.youtube.com/audiolibrary_download?vid=ef63eb5f62cc3be5
Honey and Milk,팝,행복,"['Keyboards', 'Bass', 'Guitar', 'Drums']",https://www.youtube.com/audiolibrary_download?vid=e4ead9baddbfbd00
Not the Only One,락,행복,"['guitars', 'bass', 'drums']",https://www.youtube.com/audiolibrary_download?vid=03d5bfc76eb115bf
Can It,댄스 & 일렉트로닉,행복,"['Synth', 'Drum Machine']",https://www.youtube.com/audiolibrary_download?vid=674ba3462c7c5129
Fun Activity Montage,팝,행복,"['Drums', 'Acoustic Guitar', 'Strings', 'Bass', 'Electric Guitar', 'Piano']",https://www.youtube.com/audiolibrary_download?vid=bef79e1193724864
Gisele Revisited,컨트리 & 포크,행복,"['Drums', 'Synth']",https://www.youtube.com/audiolibrary_download?vid=714ddb1601d40e8d
Yucatan Peninsula,월드뮤직,행복,"['Strings', 'Acoustic Guitar', 'Bass', 'Drums']",https://www.youtube.com/audiolibrary_download?vid=dc0931e144f50a25
Flexxx,팝,행복,"['Organ', 'Bass', 'Drums', 'Synth']",https://www.youtube.com/audiolibrary_download?vid=67c67775adeb01a5
Reversed Eclipse,팝,행복,"['Keyboards', 'Bass', 'Drums']",https://www.youtube.com/audiolibrary_download?vid=1ce55aa6c8d434de
Gornin,댄스 & 일렉트로닉,행복,"['World Percussion', 'Mallets', 'Drums', 'Flutes,']",https://www.youtube.com/audiolibrary_download?vid=d40706b1a807dfb6
Toy Piano,아동,행복,"['Strings', 'Piano']",https://www.youtube.com/audiolibrary_download?vid=0a7f78db59e03222
Nutty Comedy,영화음악,행복,"['Bass', 'Drums', 'Horns']",https://www.youtube.com/audiolibrary_download?vid=fdbde847de323ed9
Telepathic Drive,락,행복,"['Drums', 'Bass', 'Guitar']",https://www.youtube.com/audiolibrary_download?vid=1640cb4435b60aa7
Merry Go Round,컨트리 & 포크,행복,"['Acoustic Guitar', 'Weissenborn', 'Percussion']",https://www.youtube.com/audiolibrary_download?vid=4ed079bfbcd68ce5
Bonito,월드뮤직,행복,"['drums', 'horn']",https://www.youtube.com/audiolibrary_download?vid=e4510bbfd556bfc3
Et Voila,재즈 및 블루스,행복,"['Acoustic guitar', 'slide guitar']",https://www.youtube.com/audiolibrary_download?vid=5cecd4839b299e3e
Greengrass,힙합 & 랩,행복,"['bass', 'drums', 'synth']",https://www.youtube.com/audiolibrary_download?vid=9ec91d66c8d59f1d
Game Plan,댄스 & 일렉트로닉,행복,"['synth', 'drums', 'bass']",https://www.youtube.com/audiolibrary_download?vid=6ac31c1aa3eb1dde
Morning,힙합 & 랩,행복,"['Drums', 'Synth', 'Bass']",https://www.youtube.com/audiolibrary_download?vid=c903c1f33bbeac5e
Mizuki,댄스 & 일렉트로닉,행복,"['strings', 'bass', 'drums', 'synth']",https://www.youtube.com/audiolibrary_download?vid=c678142730b71e3a
Groove,R&B 소울,행복,"['bass', 'drums', 'electric guitar', 'synth', 'piano']",https://www.youtube.com/audiolibrary_download?vid=e01a51fe209896e0
Groomin,힙합 & 랩,행복,"['Synth', 'Drums', 'Bells']",https://www.youtube.com/audiolibrary_download?vid=c4e83b3f08c64c92
Nitpicky Picnic,컨트리 & 포크,행복,"['ukelele', 'bass', 'acoustic guitar', 'banjo', 'harmonica']",https://www.youtube.com/audiolibrary_download?vid=8454ea1759266f72
Happy Slaps Back,팝,행복,"['mallets', 'drums', 'melodica', 'bass', 'acoustic guitar', 'keys', 'glockenspiel']",https://www.youtube.com/audiolibrary_download?vid=ba4b12c06fa98e22
Animaux Obscènes,잔잔한 음악,행복,['synth'],https://www.youtube.com/audiolibrary_download?vid=20ae196620f94196
Road Trip,락,행복,"['drums', 'percussion', 'bass', 'keys', 'banjo', 'melodica', 'electric guitar']",https://www.youtube.com/audiolibrary_download?vid=7005cd24c6611d57
Glass,락,행복,"['electric guitar', 'drums', 'bass']",https://www.youtube.com/audiolibrary_download?vid=a53d1fd7b3ed79fd
Hunnies At,팝,행복,"['Bass', 'Drums', 'Horns', 'Synth', 'Piano']",https://www.youtube.com/audiolibrary_download?vid=7396c624501997b6
Plex,댄스 & 일렉트로닉,행복,"['808', 'electric guitar', 'synth', 'drums', 'bass']",https://www.youtube.com/audiolibrary_download?vid=e8e6d82e7ba8c8b1
Skanada,레게,행복,"['Bass', 'Organic', 'Drums', 'Guitar']",https://www.youtube.com/audiolibrary_download?vid=6b321e2fd502e78e
Disco Heart,댄스 & 일렉트로닉,행복,"['synth', 'drums', 'bass']",https://www.youtube.com/audiolibrary_download?vid=2edbd31a3c552767
Marlboro Lite,댄스 & 일렉트로닉,행복,"['drums', 'synth', 'bass']",https://www.youtube.com/audiolibrary_download?vid=ab61e0cd6de95be2
Loud In The Cloud,R&B 소울,행복,"['bass', 'synth', 'drums']",https://www.youtube.com/audiolibrary_download?vid=3680687e98012d43
Backrub,힙합 & 랩,행복,"['synth', 'strings', 'bass', 'drums']",https://www.youtube.com/audiolibrary_download?vid=9bed564fb5ba3854
Rainforest Canopy,재즈 및 블루스,행복,"['piano', 'percussion', 'drums', 'electric guitar', 'bass']",https://www.youtube.com/audiolibrary_download?vid=3acba670c561e3a3
Happy Feet,댄스 & 일렉트로닉,행복,"['Drum Machine', 'Synth']",https://www.youtube.com/audiolibrary_download?vid=5a2deba5d5946238
Fairfax,힙합 & 랩,행복,"['808', 'bass', 'synth', 'bells', 'drums']",https://www.youtube.com/audiolibrary_download?vid=1347487764681820
Tea for TWO,팝,행복,"['synth', 'acoustic guitar', 'bass', 'drums', 'keys']",https://www.youtube.com/audiolibrary_download?vid=f9278524d92632e4
Yelli,팝,행복,"['Piano', 'Bass', 'Synth', 'Drums']",https://www.youtube.com/audiolibrary_download?vid=505c61a3b7b61a51
Witness,힙합 & 랩,행복,"['drums', 'synth', 'bass']",https://www.youtube.com/audiolibrary_download?vid=687bca9cd7c8c80f
Mauser Haus,댄스 & 일렉트로닉,행복,"['Drum Machine', 'Synth']",https://www.youtube.com/audiolibrary_download?vid=7f11d111b5231f31
Where They Do That,힙합 & 랩,행복,"['synth', 'snap', 'percussion', 'keys', 'vocal chop', 'drums', '808']",https://www.youtube.com/audiolibrary_download?vid=9f61e2c5e57ef0a1
Wake,팝,행복,"['synth', '808', 'vocal chops', 'acoustic guitar', 'drums']",https://www.youtube.com/audiolibrary_download?vid=f7885c9ec652384f
Hickory Dickory Dock,아동,행복,"['drums', 'synth']",https://www.youtube.com/audiolibrary_download?vid=de1f754936b7846f
Dome Sweet Dome,컨트리 & 포크,행복,"['acoustic guitar', 'bass', 'upright bass', 'banjo', 'fiddle', 'strings', 'mandolin', 'violin']",https://www.youtube.com/audiolibrary_download?vid=32f13362732b8918
Big Sciota,컨트리 & 포크,행복,"['bass', 'fiddle', 'banjo', 'violin', 'acoustic guitar', 'upright bass', 'strings', 'mandolin']",https://www.youtube.com/audiolibrary_download?vid=a89299bad58eadff
Fancy,힙합 & 랩,행복,"['synth', 'drums', 'keys', 'bass', 'electric piano', '808', 'piano']",https://www.youtube.com/audiolibrary_download?vid=4803012755325b59
Pop Goes The Weasel,아동,행복,"['drums', 'bass', 'organ', 'synth']",https://www.youtube.com/audiolibrary_download?vid=3ce61f543c2339ee
Theme for a One-Handed Piano Concerto,클래식,행복,"['piano', 'strings']",https://www.youtube.com/audiolibrary_download?vid=614f3f80e6067a7f
Roll,힙합 & 랩,행복,"['drums', '808', 'synth']",https://www.youtube.com/audiolibrary_download?vid=2e943f4623c58aca
Wok Hard,힙합 & 랩,행복,"['percussion', 'synth', '808', 'bass', 'drums']",https://www.youtube.com/audiolibrary_download?vid=a0524f2037077c9d
Christmas Village,휴일,행복,"['strings', 'flute', 'horns', 'bells', 'mallets', 'woodwinds', 'percussion', 'brass']",https://www.youtube.com/audiolibrary_download?vid=14eb38ae85ead5fa
Four Seasons,R&B 소울,행복,"['synth', 'bass', 'electric piano', 'keys', '808', 'drums']",https://www.youtube.com/audiolibrary_download?vid=3d319929b1a82dbc
Take a Break,레게,행복,"['brass', 'trumpet', 'bass', 'organ', 'synth', 'keys', 'electric guitar', 'woodwinds', 'horns', 'electric piano', 'drums']",https://www.youtube.com/audiolibrary_download?vid=5a6b9af98008542d
Party Waltz,클래식,행복,"['drums', 'trumpet', 'piano']",https://www.youtube.com/audiolibrary_download?vid=09ba6e35134dc406
Gaiety in the Golden Age,영화음악,행복,"['strings', 'bells', 'woodwinds', 'orchestra', 'mallets', 'flute', 'percussion']",https://www.youtube.com/audiolibrary_download?vid=9f7822185c429c5a
Post,팝,행복,"['synth', '808', 'drums']",https://www.youtube.com/audiolibrary_download?vid=c1c84fdc2a3b3760
Happy Birthday 80's,팝,행복,"['synth', 'drums', 'bass']",https://www.youtube.com/audiolibrary_download?vid=5f4f81494fa802af
The Wheels On The Bus,아동,행복,"['synth', 'drums', 'organ']",https://www.youtube.com/audiolibrary_download?vid=dfb43d81a1c6ba7e
Hackney Carriage House Disco,댄스 & 일렉트로닉,행복,"['drums', 'synth', 'electric piano', 'percussion', 'keys', 'bass']",https://www.youtube.com/audiolibrary_download?vid=2b7612399249180f
After School Jamboree,아동,행복,"['drums', 'synth']",https://www.youtube.com/audiolibrary_download?vid=3f6c75217941337c
Guava Juice,락,행복,"['synth', 'bass', 'electric guitar', 'drums', 'acoustic guitar', 'organ']",https://www.youtube.com/audiolibrary_download?vid=882b2feab3ebfc24
Yacht Stomp,컨트리 & 포크,행복,"['piano', 'bass', 'accordion', 'organ', 'percussion', 'acoustic guitar', 'drums']",https://www.youtube.com/audiolibrary_download?vid=6cbd55eb7fbe4d9c
Feel Nice,레게,행복,"['synth', 'drums']",https://www.youtube.com/audiolibrary_download?vid=5bcee818a5dc853d
Happy Birthday Bouncy,재즈 및 블루스,행복,"['piano', 'drums', 'bass']",https://www.youtube.com/audiolibrary_download?vid=17468a822d8fb447
The Weed,락,행복,"['bass', 'electric piano', 'organ', 'keys', 'piano', 'drums', 'acoustic guitar']",https://www.youtube.com/audiolibrary_download?vid=f6495a5cfb3c196d
Little Prelude and Fugue,클래식,행복,['piano'],https://www.youtube.com/audiolibrary_download?vid=2f2e4f76ac86882c
Old Days,힙합 & 랩,행복,"['drums', 'synth', 'electric piano', 'bass', 'keys', 'piano']",https://www.youtube.com/audiolibrary_download?vid=1dae80c8c9eb5602
Happy Birthday Soul,R&B 소울,행복,"['electric guitar', 'drums', 'bass', 'organ']",https://www.youtube.com/audiolibrary_download?vid=da8d917d92c5e3c5
Sunshine,락,행복,"['acoustic bass', 'electric guitar', 'drums', 'bass']",https://www.youtube.com/audiolibrary_download?vid=e069a8c8661c995a
Summer Breeze,잔잔한 음악,행복,['piano'],https://www.youtube.com/audiolibrary_download?vid=e7792947df935f58
Jolly Good Fellow,재즈 및 블루스,행복,"['electric guitar', 'organ', 'drums']",https://www.youtube.com/audiolibrary_download?vid=006ffe113dc3d9c1
Kawaii!,댄스 & 일렉트로닉,행복,"['percussion', 'drums', 'synth']",https://www.youtube.com/audiolibrary_download?vid=b910fe5a98b3e5e3
Coconut Lime Riddim,댄스 & 일렉트로닉,행복,"['synth', 'drums', 'percussion', 'flute']",https://www.youtube.com/audiolibrary_download?vid=96f36ba186197b0a
Rainbow Forest,아동,행복,"['horns', 'acoustic guitar', 'strings', 'mallets', 'drums', 'flute', 'marimba', 'brass', 'bass']",https://www.youtube.com/audiolibrary_download?vid=1a743f1b43101d0f
Twirly Tops,아동,행복,"['piano', 'organ', 'drums', 'synth']",https://www.youtube.com/audiolibrary_download?vid=3f06ae70b1ff7cea
Happy Birthday (at the Pub),영화음악,행복,"['accordion', 'piano']",https://www.youtube.com/audiolibrary_download?vid=ab0c1e145b21ce90
Run Little Chicken,레게,행복,"['woodwinds', 'clavinet', 'electric guitar', 'bass', 'drums', 'flute']",https://www.youtube.com/audiolibrary_download?vid=61763b5149791451
Happy Birthday Old Timey,영화음악,행복,['piano'],https://www.youtube.com/audiolibrary_download?vid=1fe1a88964bc8c29
Key to Your Heart,락,행복,"['banjo', 'drums', 'electric guitar', 'bass']",https://www.youtube.com/audiolibrary_download?vid=bfc47e0e693b909d
Badman Tings Riddim,댄스 & 일렉트로닉,행복,"['marimba', 'mallets', 'synth', 'drums', 'percussion', 'bass', '808']",https://www.youtube.com/audiolibrary_download?vid=d7aa76eb53ab0d21
Happy Birthday Samba,댄스 & 일렉트로닉,행복,"['piano', 'keys', 'electric piano', 'bass', 'drums', 'electric guitar']",https://www.youtube.com/audiolibrary_download?vid=e9a025ab5ae73b49
Happy Birthday Jazz Waltz,재즈 및 블루스,행복,"['drums', 'bass', 'piano']",https://www.youtube.com/audiolibrary_download?vid=62c34db30942a5f2
Robot Boogie,아동,행복,"['bass', 'drums', 'synth']",https://www.youtube.com/audiolibrary_download?vid=dae521f3daeb385c
Bug Catching,잔잔한 음악,행복,['synth'],https://www.youtube.com/audiolibrary_download?vid=e3af21464764a50d
Pull Up Riddim,댄스 & 일렉트로닉,행복,"['accordion', 'drums', 'synth', 'flute', 'brass']",https://www.youtube.com/audiolibrary_download?vid=cca337f18f8c6f81
Silk n Cashmere Riddim,댄스 & 일렉트로닉,행복,"['drums', 'percussion', 'electric guitar', 'bass']",https://www.youtube.com/audiolibrary_download?vid=d927eb830014b4a4
Big Top,영화음악,행복,['trumpet'],https://www.youtube.com/audiolibrary_download?vid=e782570ad0ee531a
Building Blocks,영화음악,행복,['piano'],https://www.youtube.com/audiolibrary_download?vid=8a83f85b2826a9a9
Happy Birthday Funk,R&B 소울,행복,"['clavinet', 'bass', 'keys', 'electric guitar', 'organ', 'drums']",https://www.youtube.com/audiolibrary_download?vid=289ef816caaab67f
Love On Wings Riddim,댄스 & 일렉트로닉,행복,"['drums', 'percussion', 'piano', 'synth', 'tabla']",https://www.youtube.com/audiolibrary_download?vid=d2eb0e0f08562a6a
Swoop,컨트리 & 포크,행복,"['bass', 'percussion', 'synth', 'xylophone', 'mandolin', 'acoustic guitar', 'strings']",https://www.youtube.com/audiolibrary_download?vid=6ddc631aa9eb43b2
Arpy,댄스 & 일렉트로닉,행복,"['piano', 'synth', 'drums', 'bass', 'vocal chops']",https://www.youtube.com/audiolibrary_download?vid=a421a94e1d3bc2ed
School Bus Shuffle,팝,행복,"['synth', 'piano', 'acoustic guitar', 'percussion', 'drums', 'bass', 'electric guitar', 'autoharp']",https://www.youtube.com/audiolibrary_download?vid=28c403ff32ca8530
Blue Nude,힙합 & 랩,행복,"['bass', 'synth', '808', 'keys', 'drums', 'electric piano']",https://www.youtube.com/audiolibrary_download?vid=a2a631a0f5ce700d
Bunny Hop,아동,행복,"['woodwinds', 'drums', 'accordion', 'bass', 'melodica', 'organ', 'percussion', 'piano']",https://www.youtube.com/audiolibrary_download?vid=a289d446e8435d87
Peace Creek,컨트리 & 포크,행복,"['bass', 'electric guitar']",https://www.youtube.com/audiolibrary_download?vid=568764b4330804d2
Bright Skies,팝,행복,"['keys', 'synth', 'drums', 'bass', 'electric guitar']",https://www.youtube.com/audiolibrary_download?vid=d39d2f25ff614745
Sunny Over the Horizon,레게,행복,"['bass', 'keys', '808', 'synth', 'electric piano', 'percussion', 'drums']",https://www.youtube.com/audiolibrary_download?vid=15fb133921cccf7d
Ice Cream,댄스 & 일렉트로닉,행복,"['electric guitar', 'synth', 'drums', 'keys', 'harp', 'bass', 'piano']",https://www.youtube.com/audiolibrary_download?vid=be589650a0cdec22
Rage,힙합 & 랩,행복,"['woodwinds', 'bass', 'flute', 'drums', '808', 'synth']",https://www.youtube.com/audiolibrary_download?vid=3babe29308b0ec72
Shred The Wall,락,행복,"['bass', 'electric guitar', 'percussion', 'synth', 'drums']",https://www.youtube.com/audiolibrary_download?vid=23e5f64dcd56c472
Kick the Can,컨트리 & 포크,행복,"['percussion', 'acoustic guitar', 'mallets']",https://www.youtube.com/audiolibrary_download?vid=aa593216ad9d13db
Mistake,힙합 & 랩,행복,"['synth', '808', 'bass', 'drums']",https://www.youtube.com/audiolibrary_download?vid=56f51bf0cef0c94c
The Snowbird Strut,락,행복,"['organ', 'electric piano', 'bass', 'electric guitar', 'percussion', 'keys', 'drums', 'synth']",https://www.youtube.com/audiolibrary_download?vid=1ba5980ae83c028d
Louie,힙합 & 랩,행복,"['bass', 'drums', 'synth', '808']",https://www.youtube.com/audiolibrary_download?vid=8e2dc97b9bcd9461
Away,클래식,행복,"['piano', 'synth', 'strings', 'timpani', 'bass', 'percussion', 'harp']",https://www.youtube.com/audiolibrary_download?vid=45f4d4495bfb0858
Texas Napkin,락,행복,"['electric guitar', 'bass', 'drums']",https://www.youtube.com/audiolibrary_download?vid=6b017b43b6dcb3ab
Sunn Forest,영화음악,행복,['synth'],https://www.youtube.com/audiolibrary_download?vid=ee387dc684e64a9c
Fine Line,댄스 & 일렉트로닉,행복,"['bass', 'synth', 'drums']",https://www.youtube.com/audiolibrary_download?vid=a6194ea097664760
Always Be My Unicorn,팝,행복,"['acoustic guitar', 'bass', 'percussion', 'drums', 'synth']",https://www.youtube.com/audiolibrary_download?vid=34da8fb63e0f75f4
Under the Wire,컨트리 & 포크,행복,"['percussion', 'acoustic guitar', 'bass', 'mandolin']",https://www.youtube.com/audiolibrary_download?vid=9bf5b7b65f7ad13a
Giant iPhone,힙합 & 랩,행복,"['piano', 'organ', 'bass', 'drums', 'vocal chops']",https://www.youtube.com/audiolibrary_download?vid=63172e4269e5b56d
I Can't Reach,힙합 & 랩,행복,"['bass', 'synth', 'drums']",https://www.youtube.com/audiolibrary_download?vid=a3b4c691cb66f71c
Yellow Jello,팝,행복,"['synth', 'drums', 'bass', 'electric piano']",https://www.youtube.com/audiolibrary_download?vid=cb8f66ee4a4f2128
Ella Vater,재즈 및 블루스,행복,"['drums', 'synth', 'bass', 'electric guitar']",https://www.youtube.com/audiolibrary_download?vid=a0a6ed7a81292bff
